-- phpMyAdmin SQL Dump
-- version 5.1.3
-- https://www.phpmyadmin.net/
--
-- Host: 127.0.0.1
-- Waktu pembuatan: 27 Bulan Mei 2022 pada 05.56
-- Versi server: 10.4.24-MariaDB
-- Versi PHP: 8.0.18

SET SQL_MODE = "NO_AUTO_VALUE_ON_ZERO";
START TRANSACTION;
SET time_zone = "+00:00";


/*!40101 SET @OLD_CHARACTER_SET_CLIENT=@@CHARACTER_SET_CLIENT */;
/*!40101 SET @OLD_CHARACTER_SET_RESULTS=@@CHARACTER_SET_RESULTS */;
/*!40101 SET @OLD_COLLATION_CONNECTION=@@COLLATION_CONNECTION */;
/*!40101 SET NAMES utf8mb4 */;

--
-- Database: `online_store`
--

-- --------------------------------------------------------

--
-- Struktur dari tabel `costumer`
--

CREATE TABLE `costumer` (
  `CustomerID` int(11) NOT NULL,
  `Name` text DEFAULT NULL,
  `Surname` text DEFAULT NULL
) ENGINE=InnoDB DEFAULT CHARSET=utf8mb4;

--
-- Dumping data untuk tabel `costumer`
--

INSERT INTO `costumer` (`CustomerID`, `Name`, `Surname`) VALUES
(100000001, 'Simon', 'Walsh'),
(100000003, 'Liam', 'Brown'),
(100000005, 'Deirdre', 'Pullman'),
(100000007, 'Dorothy', 'Thomson'),
(100000010, 'Dominic', 'Parr'),
(100000011, 'Dominic', 'Lewis'),
(100000012, 'Benjamin', 'Grant'),
(100000013, 'Ryan', 'MacDonald'),
(100000016, 'Nicholas', 'Newman'),
(100000019, 'William', 'Ince'),
(100000020, 'Audrey', 'Jones'),
(100000025, 'Jennifer', 'Hughes'),
(100000028, 'Alison', 'Fisher'),
(100000030, 'Luke', 'Wilkins'),
(100000031, 'Megan', 'Bell'),
(100000034, 'Jake', 'Wilson'),
(100000035, 'Karen', 'Dyer'),
(100000036, 'Yvonne', 'Thomson'),
(100000037, 'Sophie', 'Gill'),
(100000038, 'Robert', 'Cornish'),
(100000041, 'Edward', 'Terry'),
(100000042, 'Diane', 'Black'),
(100000045, 'Dorothy', 'Johnston'),
(100000049, 'Simon', 'Ball'),
(100000050, 'Charles', 'Nolan'),
(100000051, 'Sophie', 'Wilkins'),
(100000052, 'Kimberly', 'James'),
(100000053, 'Madeleine', 'Ellison'),
(100000054, 'Irene', 'MacLeod'),
(100000055, 'Cameron', 'Taylor'),
(100000056, 'Liam', 'Gibson'),
(100000057, 'Donna', 'Knox'),
(100000058, 'Piers', 'Morgan'),
(100000059, 'Phil', 'Randall'),
(100000060, 'Ryan', 'White'),
(100000061, 'Kylie', 'Howard'),
(100000062, 'Fiona', 'Bell'),
(100000063, 'Kevin', 'Gibson'),
(100000064, 'Bernadette', 'Gibson'),
(100000077, 'Frank', 'Brown'),
(100000078, 'Diane', 'Simpson'),
(100000080, 'David', 'Peters'),
(100000081, 'Joan', 'Buckland'),
(100000082, 'Neil', 'Robertson'),
(100000083, 'Paul', 'Mackay'),
(100000084, 'Dylan', 'Fraser'),
(100000085, 'Pippa', 'Buckland'),
(100000086, 'Matt', 'McGrath'),
(100000087, 'Jack', 'White'),
(100000088, 'Jasmine', 'Piper'),
(100000089, 'Michelle', 'Ellison'),
(100000090, 'Wanda', 'Henderson'),
(100000091, 'Blake', 'Reid'),
(100000092, 'Jane', 'Forsyth'),
(100000093, 'Dan', 'Peake'),
(100000094, 'Lisa', 'Davies'),
(100000095, 'Rebecca', 'Knox'),
(100000096, 'Joshua', 'Slater'),
(100000097, 'Heather', 'Wallace'),
(100000098, 'Maria', 'Johnston'),
(100000116, 'Alison', 'Johnston'),
(100000117, 'Amy', 'McGrath'),
(100000119, 'Vanessa', 'Lyman'),
(100000120, 'Andrea', 'Dickens'),
(100000121, 'Ian', 'Slater'),
(100000122, 'Jacob', 'Payne'),
(100000123, 'Harry', 'Short'),
(100000124, 'John', 'Black'),
(100000125, 'Jonathan', 'MacDonald'),
(100000126, 'Benjamin', 'Blake'),
(100000127, 'Emma', 'Fraser'),
(100000128, 'Virginia', 'Berry'),
(100000129, 'Peter', 'Pullman'),
(100000130, 'Alison', 'MacLeod'),
(100000131, 'Anna', 'Wright'),
(100000132, 'James', 'Marshall'),
(100000133, 'Ruth', 'Bower'),
(100000134, 'Owen', 'Powell'),
(100000135, 'Piers', 'King'),
(100000136, 'Christopher', 'Mackenzie'),
(100000137, 'Sarah', 'Wallace'),
(100000138, 'Richard', 'Hemmings'),
(100000139, 'Nicola', 'Rampling'),
(100000141, 'Angela', 'Wright'),
(100000142, 'Sam', 'Russell'),
(100000143, 'Luke', 'Ball'),
(100000144, 'Sean', 'Bell'),
(100000145, 'Steven', 'Ball'),
(100000146, 'Andrew', 'Gray'),
(100000147, 'Jacob', 'Metcalfe'),
(100000148, 'Madeleine', 'Ogden'),
(100000149, 'Dylan', 'Davies'),
(100000150, 'Michelle', 'Lee'),
(100000151, 'Connor', 'Grant'),
(100000152, 'Justin', 'Metcalfe'),
(100000153, 'Elizabeth', 'Oliver'),
(100000154, 'Kevin', 'Powell'),
(100000155, 'Tim', 'Arnold'),
(100000156, 'Charles', 'Roberts'),
(100000157, 'Anthony', 'Cornish'),
(100000158, 'Michael', 'Powell'),
(100000159, 'Lucas', 'Lawrence'),
(100000160, 'Alexander', 'Walker'),
(100000161, 'Diana', 'Powell'),
(100000162, 'Emma', 'Peters'),
(100000163, 'Amanda', 'Morgan'),
(100000169, 'Blake', 'Mills'),
(100000170, 'Natalie', 'Morrison'),
(100000171, 'John', 'Hughes'),
(100000172, 'Nicholas', 'Greene'),
(100000173, 'Hannah', 'Thomson'),
(100000174, 'Penelope', 'Glover'),
(100000175, 'Max', 'Stewart'),
(100000176, 'Wendy', 'Gill'),
(100000177, 'Thomas', 'Bailey'),
(100000178, 'Dan', 'Piper'),
(100000179, 'Dan', 'Metcalfe'),
(100000181, 'Mary', 'Watson'),
(100000182, 'Austin', 'Ball'),
(100000183, 'Christian', 'Piper'),
(100000184, 'Peter', 'McGrath'),
(100000185, 'Cameron', 'Short'),
(100000187, 'Emma', 'Parr'),
(100000188, 'Pippa', 'Mathis'),
(100000189, 'Wendy', 'Morrison'),
(100000190, 'Vanessa', 'Avery'),
(100000192, 'Oliver', 'Blake'),
(100000193, 'Jane', 'Wright'),
(100000194, 'James', 'McGrath'),
(100000195, 'Amanda', 'Young'),
(100000196, 'Jennifer', 'Slater'),
(100000197, 'Blake', 'Ross'),
(100000198, 'Tim', 'North'),
(100000199, 'Jasmine', 'Terry'),
(100000200, 'Karen', 'Mackenzie'),
(100000201, 'Oliver', 'Dickens'),
(100000202, 'Fiona', 'Underwood'),
(100000203, 'Yvonne', 'Arnold'),
(100000204, 'Fiona', 'Vance'),
(100000205, 'Anna', 'Lee'),
(100000206, 'Wanda', 'Short'),
(100000207, 'Blake', 'Berry'),
(100000208, 'Phil', 'Lewis'),
(100000209, 'Christian', 'Sharp'),
(100000211, 'Robert', 'Wright'),
(100000212, 'Eric', 'North'),
(100000213, 'Tracey', 'Grant'),
(100000214, 'Faith', 'McDonald'),
(100000215, 'Alan', 'Murray'),
(100000216, 'Nathan', 'Turner'),
(100000217, 'Carolyn', 'Hart'),
(100000218, 'Theresa', 'Grant'),
(100000219, 'Alexander', 'Ince'),
(100000220, 'Maria', 'Simpson'),
(100000221, 'Sally', 'Arnold'),
(100000222, 'Jessica', 'Morrison'),
(100000223, 'Lucas', 'Langdon'),
(100000224, 'Christian', 'Baker'),
(100000225, 'Piers', 'White'),
(100000226, 'Gordon', 'Fraser'),
(100000227, 'Connor', 'Gill'),
(100000228, 'Virginia', 'Howard'),
(100000229, 'Yvonne', 'Johnston'),
(100000230, 'Dan', 'Terry'),
(100000231, 'Audrey', 'McGrath'),
(100000232, 'Trevor', 'King'),
(100000233, 'Stewart', 'Pullman'),
(100000234, 'Brian', 'Mackay'),
(100000235, 'Jessica', 'James'),
(100000236, 'Carol', 'Blake'),
(100000237, 'Alison', 'Hudson'),
(100000239, 'Natalie', 'Welch'),
(100000240, 'John', 'Baker'),
(100000241, 'Oliver', 'Powell'),
(100000242, 'Amanda', 'Rees'),
(100000243, 'Paul', 'Davies'),
(100000244, 'Brian', 'Short'),
(100000245, 'Matt', 'Graham'),
(100000246, 'Justin', 'Paterson'),
(100000247, 'Claire', 'Dickens'),
(100000248, 'James', 'Miller'),
(100000249, 'Brandon', 'Bower'),
(100000250, 'Amelia', 'Mathis'),
(100000251, 'Fiona', 'Jones'),
(100000252, 'Nicholas', 'Lyman'),
(100000253, 'Lauren', 'Ball'),
(100000254, 'Stewart', 'Rees'),
(100000255, 'Diane', 'Henderson'),
(100000273, 'Jake', 'Skinner'),
(100000274, 'Rose', 'Russell'),
(100000275, 'Victor', 'Avery'),
(100000276, 'Brandon', 'Miller'),
(100000277, 'Maria', 'Arnold'),
(100000278, 'Irene', 'Vaughan'),
(100000279, 'Blake', 'Alsop'),
(100000280, 'Stephanie', 'Ogden'),
(100000281, 'Sam', 'Parsons'),
(100000282, 'Theresa', 'Marshall'),
(100000283, 'Stephanie', 'Smith'),
(100000284, 'Lily', 'Hughes'),
(100000285, 'Matt', 'Black'),
(100000286, 'Ruth', 'Lambert'),
(100000287, 'Peter', 'Lyman'),
(100000288, 'Liam', 'King'),
(100000289, 'Olivia', 'Peake'),
(100000290, 'Joe', 'May'),
(100000291, 'Wanda', 'Quinn'),
(100000292, 'Karen', 'Glover'),
(100000293, 'Nathan', 'Bond'),
(100000294, 'Brandon', 'Morgan'),
(100000296, 'Penelope', 'Clarkson'),
(100000297, 'Sophie', 'Thomson'),
(100000298, 'Anna', 'James'),
(100000299, 'Zoe', 'Johnston'),
(100000303, 'Brian', 'Russell'),
(100000304, 'Andrea', 'Jackson'),
(100000305, 'Kevin', 'Springer'),
(100000306, 'Phil', 'Grant'),
(100000307, 'Adrian', 'Hill'),
(100000308, 'John', 'Campbell'),
(100000309, 'Alexander', 'Edmunds'),
(100000310, 'Felicity', 'Hodges'),
(100000311, 'Lucas', 'Avery'),
(100000312, 'Blake', 'Hudson'),
(100000313, 'Jessica', 'Piper'),
(100000314, 'Nicola', 'Clarkson'),
(100000315, 'Peter', 'Metcalfe'),
(100000316, 'Mary', 'Carr'),
(100000317, 'Liam', 'Stewart'),
(100000318, 'Anna', 'MacLeod'),
(100000319, 'John', 'Hemmings'),
(100000320, 'Ryan', 'Morrison'),
(100000321, 'Adam', 'Sharp'),
(100000322, 'Alison', 'Lambert'),
(100000323, 'Joanne', 'Fisher'),
(100000324, 'David', 'Newman'),
(100000325, 'Boris', 'Walker'),
(100000326, 'Felicity', 'North'),
(100000327, 'Dominic', 'Miller'),
(100000328, 'Megan', 'Tucker'),
(100000329, 'Deirdre', 'Coleman'),
(100000330, 'Wendy', 'Turner'),
(100000331, 'Jonathan', 'Manning'),
(100000332, 'Carolyn', 'Churchill'),
(100000334, 'Carolyn', 'Roberts'),
(100000335, 'Karen', 'May'),
(100000336, 'Tracey', 'Edmunds'),
(100000337, 'Tracey', 'Langdon'),
(100000338, 'Jake', 'Dyer'),
(100000341, 'Jasmine', 'Greene'),
(100000342, 'Christian', 'Jackson'),
(100000343, 'Eric', 'Vance'),
(100000344, 'Anna', 'Miller'),
(100000345, 'Benjamin', 'Ince'),
(100000346, 'Joseph', 'Buckland'),
(100000360, 'Emma', 'Fisher'),
(100000369, 'Joan', 'Quinn'),
(100000377, 'Samantha', 'Knox'),
(100000378, 'Harry', 'Manning'),
(100000379, 'Melanie', 'Henderson'),
(100000380, 'Piers', 'Walker'),
(100000381, 'Kimberly', 'Bond'),
(100000382, 'Anthony', 'Chapman'),
(100000383, 'Jasmine', 'Oliver'),
(100000400, 'Jacob', 'Fisher'),
(100000401, 'Leonard', 'Paterson'),
(100000402, 'Kylie', 'McDonald'),
(100000403, 'Ruth', 'Simpson'),
(100000404, 'Stewart', 'Bell'),
(100000405, 'Cameron', 'Blake'),
(100000412, 'Dan', 'Wright'),
(100000413, 'Boris', 'Burgess'),
(100000420, 'Samantha', 'Mackenzie'),
(100000421, 'Kimberly', 'Wallace'),
(100000422, 'Brian', 'Simpson'),
(100000423, 'Wendy', 'Metcalfe'),
(100000435, 'Isaac', 'Rutherford'),
(100000436, 'Bella', 'Hemmings'),
(100000437, 'Sean', 'Sanderson'),
(100000443, 'Justin', 'Hodges'),
(100000444, 'Melanie', 'Nash'),
(100000445, 'Rose', 'Hodges'),
(100000446, 'Christian', 'Abraham'),
(100000451, 'Tracey', 'Thomson'),
(100000452, 'Peter', 'Quinn'),
(100000453, 'Kimberly', 'Clark'),
(100000454, 'Edward', 'Hart'),
(100000455, 'Eric', 'Henderson'),
(100000456, 'Amanda', 'Ball'),
(100000475, 'Kevin', 'James'),
(100000476, 'Donna', 'Robertson'),
(100000477, 'Chloe', 'MacLeod'),
(100000478, 'Bernadette', 'Forsyth'),
(100000489, 'Kevin', 'Wright'),
(100000498, 'Emma', 'Lewis'),
(100000499, 'Deirdre', 'Greene'),
(100000500, 'Grace', 'Stewart'),
(100000501, 'Victoria', 'Johnston'),
(100000502, 'Pippa', 'Johnston'),
(100000518, 'Penelope', 'Metcalfe'),
(100000519, 'Alexander', 'Duncan'),
(100000520, 'Joan', 'Clarkson'),
(100000521, 'Sonia', 'Vance'),
(100000542, 'Anne', 'Sharp'),
(100000543, 'Chloe', 'Dickens'),
(100000544, 'Ian', 'Ince'),
(100000545, 'Julia', 'Ellison'),
(100000546, 'Donna', 'Johnston'),
(100000547, 'Sue', 'Baker'),
(100000558, 'Jan', 'Sanderson'),
(100000559, 'Grace', 'Mills'),
(100000560, 'Jacob', 'King'),
(100000561, 'Lillian', 'Metcalfe'),
(100000562, 'Brandon', 'MacDonald'),
(100000563, 'Joanne', 'Mackenzie'),
(100000564, 'Leonard', 'Paige'),
(100000565, 'Grace', 'Scott'),
(100000566, 'Diane', 'Berry'),
(100000567, 'Alison', 'James'),
(100000568, 'Oliver', 'Hudson'),
(100000569, 'Gabrielle', 'Skinner'),
(100000570, 'Nicola', 'Hill'),
(100000571, 'Connor', 'Harris'),
(100000572, 'David', 'Stewart'),
(100000573, 'Sam', 'Howard'),
(100000574, 'Dylan', 'Marshall'),
(100000575, 'Michael', 'Davidson'),
(100000576, 'Madeleine', 'Hamilton'),
(100000577, 'Yvonne', 'Randall'),
(100000578, 'Nathan', 'Davidson'),
(100000603, 'Jane', 'Walker'),
(100000604, 'Angela', 'Short'),
(100000605, 'Jasmine', 'Wilkins'),
(100000606, 'Ruth', 'Mackenzie'),
(100000616, 'Alison', 'Cornish'),
(100000617, 'Evan', 'Metcalfe'),
(100000618, 'Andrew', 'Wright'),
(100000626, 'Lily', 'Hudson'),
(100000627, 'Brian', 'Slater'),
(100000628, 'Rose', 'Davies'),
(100000640, 'David', 'Arnold'),
(100000641, 'Amanda', 'Payne'),
(100000642, 'Eric', 'Wilson'),
(100000643, 'Alison', 'Parsons'),
(100000655, 'Brandon', 'Walsh'),
(100000656, 'Dylan', 'Smith'),
(100000657, 'Emily', 'Reid'),
(100000677, 'Dominic', 'Langdon'),
(100000678, 'Victoria', 'Thomson'),
(100000679, 'Yvonne', 'Lambert'),
(100000680, 'Ruth', 'Short'),
(100000693, 'Kevin', 'Glover'),
(100000694, 'Michael', 'Cameron'),
(100000695, 'Penelope', 'Forsyth'),
(100000707, 'David', 'Graham'),
(100000708, 'Jan', 'Roberts'),
(100000709, 'Angela', 'Lawrence'),
(100000710, 'Julia', 'Harris'),
(100000722, 'Katherine', 'Paterson'),
(100000723, 'Justin', 'Campbell'),
(100000724, 'Una', 'Blake'),
(100000742, 'Brandon', 'Churchill'),
(100000743, 'Jan', 'Underwood'),
(100000744, 'Ruth', 'Ince'),
(100000745, 'Victor', 'Wilson'),
(100000746, 'Ava', 'Gibson'),
(100000760, 'Keith', 'Walker'),
(100000761, 'Wendy', 'Hardacre'),
(100000771, 'Joe', 'Short'),
(100000772, 'Alexander', 'Anderson'),
(100000773, 'Austin', 'Lee'),
(100000781, 'Sonia', 'Welch'),
(100000782, 'Penelope', 'Rampling'),
(100000783, 'Christopher', 'Davies'),
(100000788, 'Kylie', 'Lawrence'),
(100000789, 'Brian', 'Thomson'),
(100000790, 'Sonia', 'Hughes'),
(100000796, 'Tracey', 'Ogden'),
(100000797, 'Penelope', 'Mackenzie'),
(100000798, 'Karen', 'Tucker'),
(100000806, 'Fiona', 'Allan'),
(100000807, 'Gordon', 'May'),
(100000808, 'Steven', 'Davidson'),
(100000809, 'Dylan', 'Mathis'),
(100000816, 'Cameron', 'Chapman'),
(100000817, 'Melanie', 'Ogden'),
(100000818, 'Tracey', 'Sharp'),
(100000823, 'Trevor', 'Tucker'),
(100000824, 'Heather', 'Davies'),
(100000825, 'Jason', 'Berry'),
(100000826, 'Sean', 'Burgess'),
(100000827, 'Amy', 'Buckland'),
(100000831, 'Steven', 'Morrison'),
(100000832, 'David', 'Turner'),
(100000835, 'Leonard', 'Gibson'),
(100000836, 'Bella', 'Metcalfe'),
(100000838, 'Felicity', 'MacLeod'),
(100000839, 'Nathan', 'Kerr'),
(100000840, 'Gavin', 'Forsyth'),
(100000841, 'Donna', 'Davidson'),
(100000846, 'Felicity', 'Butler'),
(100000847, 'Virginia', 'Newman'),
(100000848, 'Tim', 'Hamilton'),
(100000849, 'Lily', 'Gill'),
(100000850, 'Austin', 'Chapman'),
(100000851, 'Victor', 'Clark'),
(100000853, 'Claire', 'Hudson'),
(100000854, 'Carl', 'Clark'),
(100000858, 'Simon', 'Baker'),
(100000859, 'Amy', 'Glover'),
(100000860, 'Rebecca', 'Ross'),
(100000861, 'Sally', 'Graham'),
(100000862, 'Jack', 'Young'),
(100000867, 'Evan', 'Abraham'),
(100000868, 'Nicola', 'Walsh'),
(100000869, 'Justin', 'Chapman'),
(100000870, 'Max', 'Rees'),
(100000871, 'Joshua', 'Kelly'),
(100000872, 'Sally', 'MacDonald'),
(100000873, 'Chloe', 'McDonald'),
(100000874, 'Julia', 'Alsop'),
(100000875, 'Jason', 'MacLeod'),
(100000876, 'Tracey', 'Pullman'),
(100000877, 'Megan', 'Reid'),
(100000878, 'Felicity', 'Metcalfe'),
(100000879, 'Ryan', 'Russell'),
(100000880, 'Rachel', 'Springer'),
(100000881, 'Joan', 'Nash'),
(100000882, 'Piers', 'Simpson'),
(100000883, 'Sarah', 'Skinner'),
(100000884, 'Lisa', 'Turner'),
(100000885, 'Vanessa', 'Manning'),
(100000889, 'Stephen', 'Bailey'),
(100000890, 'Piers', 'Peake'),
(100000891, 'Alexandra', 'Mathis'),
(100000892, 'Christopher', 'Anderson'),
(100000893, 'Donna', 'Butler'),
(100000894, 'Faith', 'Buckland'),
(100000895, 'Hannah', 'Terry'),
(100000898, 'Samantha', 'Ross'),
(100000899, 'Amelia', 'Parsons'),
(100000900, 'Fiona', 'Miller'),
(100000901, 'Rose', 'Butler'),
(100000902, 'Jake', 'White'),
(100000906, 'Caroline', 'Robertson'),
(100000907, 'Edward', 'Chapman'),
(100000908, 'Christopher', 'Peake'),
(100000917, 'Andrea', 'Newman'),
(100000918, 'Deirdre', 'Nolan'),
(100000919, 'Natalie', 'Duncan'),
(100000920, 'Steven', 'Hill'),
(100000921, 'William', 'Gibson'),
(100000922, 'Sally', 'Glover'),
(100000923, 'Andrea', 'Henderson'),
(100000925, 'Andrew', 'Bell'),
(100000926, 'Dan', 'Johnston'),
(100000927, 'Victoria', 'Wilson'),
(100000928, 'Stephen', 'Glover'),
(100000929, 'Fiona', 'Wright'),
(100000930, 'Amelia', 'Hughes'),
(100000931, 'Maria', 'Lawrence'),
(100000932, 'Abigail', 'Ferguson'),
(100000933, 'Gavin', 'Harris'),
(100000934, 'Heather', 'Abraham'),
(100000935, 'Felicity', 'Miller'),
(100000936, 'Alexandra', 'Henderson'),
(100000937, 'Karen', 'White'),
(200000008, 'Lisa', 'Knox'),
(200000014, 'Thomas', 'Lawrence'),
(200000017, 'Grace', 'Hill'),
(200000018, 'Samantha', 'Coleman'),
(200000022, 'Jason', 'Butler'),
(200000024, 'Carl', 'Quinn'),
(200000026, 'Richard', 'Fraser'),
(200000029, 'Lucas', 'Mackenzie'),
(200000033, 'Grace', 'Chapman'),
(200000039, 'Luke', 'Martin'),
(200000040, 'Gavin', 'Pullman'),
(200000043, 'Jake', 'Morgan'),
(200000046, 'Lisa', 'Berry'),
(200000047, 'Leah', 'Nolan'),
(200000065, 'Maria', 'Hughes'),
(200000066, 'Piers', 'Burgess'),
(200000067, 'Dan', 'Ellison'),
(200000068, 'Lucas', 'Piper'),
(200000069, 'Jason', 'Sharp'),
(200000070, 'Kevin', 'Parr'),
(200000071, 'Dan', 'Mills'),
(200000072, 'Angela', 'Roberts'),
(200000076, 'Michael', 'Hemmings'),
(200000099, 'Robert', 'May'),
(200000100, 'Carolyn', 'Robertson'),
(200000101, 'Stewart', 'Lewis'),
(200000102, 'Emma', 'Piper'),
(200000103, 'Nicola', 'Powell'),
(200000104, 'Diana', 'McDonald'),
(200000105, 'Stephen', 'Ross'),
(200000106, 'Ella', 'Bond'),
(200000107, 'Ian', 'Wilson'),
(200000108, 'Piers', 'Quinn'),
(200000109, 'Joe', 'Forsyth'),
(200000110, 'Tim', 'Jones'),
(200000118, 'Adam', 'McGrath'),
(200000140, 'Keith', 'Harris'),
(200000164, 'Claire', 'Walsh'),
(200000165, 'Paul', 'Harris'),
(200000166, 'William', 'Mitchell'),
(200000186, 'Sue', 'Ellison'),
(200000191, 'Jason', 'Fisher'),
(200000210, 'Blake', 'Rutherford'),
(200000256, 'Julian', 'Peake'),
(200000257, 'Justin', 'Underwood'),
(200000258, 'Owen', 'McGrath'),
(200000259, 'Alison', 'Taylor'),
(200000260, 'Harry', 'Walsh'),
(200000261, 'Nathan', 'Howard'),
(200000262, 'Zoe', 'Clarkson'),
(200000263, 'Gabrielle', 'Marshall'),
(200000264, 'Lily', 'Davies'),
(200000265, 'Tim', 'Sanderson'),
(200000266, 'Karen', 'Oliver'),
(200000267, 'Luke', 'MacLeod'),
(200000295, 'Tim', 'Thomson'),
(200000300, 'Owen', 'Smith'),
(200000301, 'Joseph', 'Robertson'),
(200000333, 'David', 'Morrison'),
(200000339, 'Theresa', 'Slater'),
(200000347, 'Jake', 'Manning'),
(200000348, 'Brandon', 'Anderson'),
(200000349, 'Cameron', 'Duncan'),
(200000350, 'Isaac', 'Kelly'),
(200000352, 'Piers', 'Harris'),
(200000353, 'Gordon', 'Ellison'),
(200000354, 'Ian', 'Kerr'),
(200000355, 'Sebastian', 'Welch'),
(200000356, 'Richard', 'Hamilton'),
(200000361, 'Charles', 'Tucker'),
(200000362, 'Joshua', 'Underwood'),
(200000363, 'Brandon', 'Johnston'),
(200000370, 'Joshua', 'Bond'),
(200000371, 'Alan', 'Kelly'),
(200000372, 'Thomas', 'Martin'),
(200000373, 'Lucas', 'Gill'),
(200000384, 'Bella', 'Bailey'),
(200000385, 'Joe', 'Parsons'),
(200000386, 'Edward', 'Marshall'),
(200000387, 'Christian', 'Blake'),
(200000388, 'Gavin', 'Sanderson'),
(200000389, 'Leonard', 'Thomson'),
(200000390, 'Joseph', 'Henderson'),
(200000391, 'Gavin', 'Berry'),
(200000406, 'Ian', 'May'),
(200000407, 'Charles', 'Gibson'),
(200000408, 'Blake', 'Churchill'),
(200000414, 'Sebastian', 'Langdon'),
(200000415, 'Jake', 'Miller'),
(200000416, 'Gordon', 'Lee'),
(200000417, 'Andrew', 'Murray'),
(200000424, 'Keith', 'Ogden'),
(200000425, 'Joshua', 'Ince'),
(200000426, 'Andrew', 'Jackson'),
(200000438, 'Colin', 'Howard'),
(200000447, 'Neil', 'Coleman'),
(200000448, 'Evan', 'Hart'),
(200000457, 'Samantha', 'Mackay'),
(200000458, 'Lucas', 'Tucker'),
(200000459, 'Charles', 'Brown'),
(200000460, 'Olivia', 'Turner'),
(200000461, 'Alan', 'Grant'),
(200000462, 'Paul', 'Martin'),
(200000463, 'Paul', 'Reid'),
(200000464, 'Adam', 'Dyer'),
(200000465, 'Una', 'Lawrence'),
(200000479, 'Connor', 'MacLeod'),
(200000480, 'Harry', 'Reid'),
(200000481, 'Joan', 'Gray'),
(200000482, 'Justin', 'Graham'),
(200000483, 'Anthony', 'Gill'),
(200000484, 'Ian', 'Morrison'),
(200000485, 'Alan', 'Murray'),
(200000486, 'Leonard', 'Churchill'),
(200000490, 'Abigail', 'Fisher'),
(200000491, 'Piers', 'Jones'),
(200000492, 'Julian', 'Langdon'),
(200000493, 'Jacob', 'Forsyth'),
(200000503, 'Warren', 'Lyman'),
(200000504, 'Jason', 'Lyman'),
(200000505, 'Brandon', 'Peake'),
(200000506, 'Harry', 'Payne'),
(200000507, 'Isaac', 'Gill'),
(200000508, 'Bella', 'Gibson'),
(200000522, 'Benjamin', 'Sutherland'),
(200000523, 'Adam', 'Gill'),
(200000532, 'Frank', 'Parr'),
(200000533, 'Abigail', 'Gibson'),
(200000534, 'Sebastian', 'Thomson'),
(200000535, 'Ryan', 'Marshall'),
(200000536, 'Simon', 'Brown'),
(200000537, 'Rebecca', 'Simpson'),
(200000538, 'Robert', 'Burgess'),
(200000548, 'Emily', 'King'),
(200000549, 'Frank', 'Poole'),
(200000579, 'James', 'Glover'),
(200000580, 'Charles', 'Arnold'),
(200000581, 'Alexander', 'Hill'),
(200000582, 'Rebecca', 'Clarkson'),
(200000583, 'Joanne', 'Mills'),
(200000584, 'Alan', 'Metcalfe'),
(200000585, 'Julian', 'Russell'),
(200000586, 'Dylan', 'Piper'),
(200000587, 'Sebastian', 'Forsyth'),
(200000588, 'Sean', 'Dyer'),
(200000589, 'David', 'Cameron'),
(200000590, 'Stephen', 'Fisher'),
(200000591, 'Christian', 'Edmunds'),
(200000607, 'Brian', 'Arnold'),
(200000608, 'Adrian', 'Wright'),
(200000609, 'Leonard', 'Brown'),
(200000610, 'Ian', 'Walsh'),
(200000619, 'Alexander', 'Abraham'),
(200000620, 'Simon', 'Slater'),
(200000621, 'Andrew', 'Hill'),
(200000622, 'Christopher', 'Randall'),
(200000623, 'Brian', 'Mitchell'),
(200000629, 'Benjamin', 'McDonald'),
(200000630, 'Sam', 'Powell'),
(200000631, 'Sean', 'Lyman'),
(200000632, 'Nicholas', 'Allan'),
(200000644, 'Tim', 'Marshall'),
(200000645, 'Joan', 'Abraham'),
(200000646, 'Liam', 'Rutherford'),
(200000647, 'Liam', 'Wright'),
(200000648, 'Gavin', 'Martin'),
(200000649, 'Isaac', 'Quinn'),
(200000658, 'John', 'Payne'),
(200000659, 'Stewart', 'Poole'),
(200000660, 'Keith', 'Parr'),
(200000661, 'Lucas', 'Abraham'),
(200000662, 'Trevor', 'Skinner'),
(200000663, 'Leonard', 'Jackson'),
(200000664, 'Harry', 'Hodges'),
(200000665, 'Edward', 'Turner'),
(200000669, 'Jake', 'Rutherford'),
(200000670, 'Richard', 'Carr'),
(200000671, 'Carolyn', 'Arnold'),
(200000672, 'Audrey', 'Ince'),
(200000673, 'Cameron', 'Dyer'),
(200000674, 'William', 'Lyman'),
(200000681, 'Maria', 'Welch'),
(200000682, 'Oliver', 'Paterson'),
(200000683, 'Piers', 'Gray'),
(200000684, 'Leonard', 'Nash'),
(200000696, 'Benjamin', 'James'),
(200000697, 'Paul', 'Wright'),
(200000698, 'Jacob', 'Sharp'),
(200000699, 'Jason', 'Cameron'),
(200000700, 'Sam', 'Ball'),
(200000701, 'Joshua', 'Wilson'),
(200000711, 'Kylie', 'Skinner'),
(200000712, 'Gordon', 'Simpson'),
(200000713, 'Liam', 'Greene'),
(200000714, 'Ian', 'Manning'),
(200000715, 'Sebastian', 'Mackenzie'),
(200000716, 'Theresa', 'Fraser'),
(200000725, 'Kevin', 'Hudson'),
(200000726, 'Peter', 'Chapman'),
(200000727, 'Steven', 'Jackson'),
(200000728, 'John', 'Buckland'),
(200000747, 'Peter', 'Gibson'),
(200000748, 'Lucas', 'Graham'),
(200000749, 'Anthony', 'Quinn'),
(200000750, 'Anthony', 'Mackenzie'),
(200000751, 'Brian', 'Bond'),
(200000762, 'Andrea', 'Robertson'),
(200000763, 'William', 'Lyman'),
(200000764, 'Carl', 'Arnold'),
(200000765, 'Paul', 'Baker'),
(200000766, 'Keith', 'Ross'),
(200000774, 'Blake', 'Vance'),
(200000775, 'Warren', 'Roberts'),
(200000784, 'Dominic', 'Hart'),
(200000785, 'Joshua', 'Henderson'),
(200000791, 'Pippa', 'Walsh'),
(200000792, 'Victor', 'Mathis'),
(200000793, 'Charles', 'McDonald'),
(200000799, 'Leonard', 'Ogden'),
(200000800, 'Nathan', 'Vaughan'),
(200000801, 'Karen', 'MacDonald'),
(200000802, 'Eric', 'Slater'),
(200000803, 'Jason', 'Clark'),
(200000804, 'Yvonne', 'Burgess'),
(200000805, 'John', 'Cameron'),
(200000810, 'Felicity', 'Wilkins'),
(200000811, 'Sonia', 'Peters'),
(200000819, 'Katherine', 'Grant'),
(200000820, 'Lucas', 'Walsh'),
(200000821, 'Charles', 'Underwood'),
(200000828, 'Christopher', 'Langdon'),
(200000833, 'Benjamin', 'King'),
(200000834, 'Sebastian', 'Morgan'),
(200000842, 'Matt', 'Manning'),
(200000843, 'Adam', 'Gibson'),
(200000844, 'Sarah', 'Blake'),
(200000855, 'John', 'Campbell'),
(200000856, 'William', 'McLean'),
(200000863, 'Theresa', 'Quinn'),
(200000864, 'Harry', 'Hardacre'),
(200000865, 'Kimberly', 'Cornish'),
(200000866, 'James', 'Gibson'),
(200000886, 'Joe', 'Baker'),
(200000887, 'Jan', 'Robertson'),
(200000896, 'Paul', 'Allan'),
(200000897, 'Boris', 'Nash'),
(200000903, 'Jake', 'Peters'),
(200000904, 'Ryan', 'Gray'),
(200000909, 'Melanie', 'Hunter'),
(200000910, 'Owen', 'Henderson'),
(200000911, 'Julian', 'Hunter'),
(200000912, 'Brian', 'Bower'),
(200000924, 'Gabrielle', 'Blake'),
(200000938, 'Trevor', 'Harris'),
(200000939, 'Alan', 'Dyer'),
(200000940, 'Victor', 'Sutherland'),
(200000941, 'Benjamin', 'Manning'),
(200000942, 'Richard', 'Roberts'),
(300000004, 'Trevor', 'Parr'),
(300000006, 'Ava', 'Coleman'),
(300000009, 'Ruth', 'Campbell'),
(300000015, 'Madeleine', 'Marshall'),
(300000021, 'Boris', 'Johnston'),
(300000023, 'Deirdre', 'McDonald'),
(300000032, 'Warren', 'Edmunds'),
(300000073, 'Hannah', 'White'),
(300000074, 'Oliver', 'Simpson'),
(300000079, 'Ruth', 'Mathis'),
(300000111, 'Kirill', 'Eremenko'),
(300000112, 'Nathan', 'Paterson'),
(300000167, 'Cameron', 'Ross'),
(300000168, 'Pippa', 'Wilson'),
(300000238, 'Dorothy', 'Miller'),
(300000268, 'James', 'Oliver'),
(300000269, 'Gabrielle', 'Powell'),
(300000270, 'Heather', 'Black'),
(300000271, 'Carl', 'Abraham'),
(300000302, 'William', 'Wilkins'),
(300000340, 'Rebecca', 'Nash'),
(300000351, 'Nicholas', 'James'),
(300000357, 'Mary', 'Reid'),
(300000358, 'Simon', 'Morrison'),
(300000364, 'Katherine', 'Howard'),
(300000365, 'Dorothy', 'Butler'),
(300000366, 'Dorothy', 'Paige'),
(300000367, 'Karen', 'Gray'),
(300000374, 'John', 'Underwood'),
(300000375, 'Molly', 'Black'),
(300000392, 'Yvonne', 'Piper'),
(300000393, 'Lily', 'Lyman'),
(300000394, 'Julia', 'Scott'),
(300000395, 'Gavin', 'Oliver'),
(300000409, 'Stewart', 'Scott'),
(300000410, 'Andrew', 'Grant'),
(300000411, 'Edward', 'Dowd'),
(300000418, 'Christian', 'McLean'),
(300000427, 'Dominic', 'Welch'),
(300000428, 'Diana', 'Bower'),
(300000429, 'Trevor', 'Reid'),
(300000430, 'Amy', 'Welch'),
(300000439, 'Tim', 'Miller'),
(300000440, 'Sally', 'Mitchell'),
(300000466, 'Amy', 'Davies'),
(300000467, 'Angela', 'Morrison'),
(300000468, 'Jasmine', 'Allan'),
(300000469, 'Peter', 'Parsons'),
(300000487, 'Heather', 'Ross'),
(300000494, 'Jonathan', 'White'),
(300000495, 'Stephen', 'Poole'),
(300000496, 'Julia', 'Chapman'),
(300000509, 'Wendy', 'Rampling'),
(300000510, 'Peter', 'Scott'),
(300000511, 'Felicity', 'Wallace'),
(300000512, 'Jasmine', 'Marshall'),
(300000524, 'Brandon', 'Clark'),
(300000525, 'Luke', 'Mathis'),
(300000526, 'Yvonne', 'Metcalfe'),
(300000527, 'Mary', 'Stewart'),
(300000528, 'Victoria', 'Welch'),
(300000529, 'Amelia', 'Nolan'),
(300000530, 'Chloe', 'Hill'),
(300000531, 'Felicity', 'Vaughan'),
(300000539, 'Julia', 'Allan'),
(300000550, 'Fiona', 'Young'),
(300000551, 'Cameron', 'Knox'),
(300000552, 'Bernadette', 'Ferguson'),
(300000553, 'Zoe', 'Ferguson'),
(300000592, 'Diana', 'Martin'),
(300000593, 'Amanda', 'Simpson'),
(300000594, 'Joan', 'Randall'),
(300000595, 'Joe', 'Ogden'),
(300000596, 'Lillian', 'Kerr'),
(300000597, 'Julian', 'Lyman'),
(300000598, 'Blake', 'MacDonald'),
(300000599, 'Victoria', 'Forsyth'),
(300000611, 'Nicola', 'Paige'),
(300000612, 'Emily', 'Ince'),
(300000613, 'Paul', 'Ellison'),
(300000614, 'Jennifer', 'Skinner'),
(300000615, 'Penelope', 'Grant'),
(300000624, 'Tim', 'Paterson'),
(300000633, 'Piers', 'Miller'),
(300000634, 'Heather', 'Mackay'),
(300000635, 'Kimberly', 'Walsh'),
(300000636, 'Elizabeth', 'McDonald'),
(300000637, 'Carolyn', 'Mills'),
(300000650, 'Abigail', 'Short'),
(300000651, 'Una', 'Jones'),
(300000652, 'Chloe', 'Forsyth'),
(300000666, 'Alan', 'Forsyth'),
(300000667, 'Richard', 'Watson'),
(300000668, 'Anthony', 'Ellison'),
(300000675, 'Matt', 'Davies'),
(300000685, 'Caroline', 'Ross'),
(300000686, 'Stephen', 'Taylor'),
(300000687, 'Tim', 'Vance'),
(300000688, 'Wendy', 'Piper'),
(300000689, 'Warren', 'Ferguson'),
(300000702, 'Diane', 'Underwood'),
(300000703, 'Diana', 'Hodges'),
(300000704, 'Bernadette', 'Cornish'),
(300000705, 'Joshua', 'Coleman'),
(300000717, 'Anne', 'Allan'),
(300000718, 'Colin', 'Hill'),
(300000719, 'Sebastian', 'North'),
(300000729, 'James', 'Quinn'),
(300000730, 'Nicola', 'Howard'),
(300000731, 'Warren', 'Ince'),
(300000732, 'Joshua', 'MacLeod'),
(300000733, 'Peter', 'Henderson'),
(300000734, 'Sarah', 'Murray'),
(300000735, 'John', 'Anderson'),
(300000736, 'Anne', 'Butler'),
(300000752, 'Melanie', 'Buckland'),
(300000753, 'David', 'Mills'),
(300000767, 'Chloe', 'Bond'),
(300000768, 'Tracey', 'Clark'),
(300000776, 'Connor', 'Nolan'),
(300000777, 'Jasmine', 'Lee'),
(300000778, 'Christopher', 'McGrath'),
(300000779, 'Deirdre', 'Parsons'),
(300000786, 'Bernadette', 'Jackson'),
(300000787, 'Neil', 'Sanderson'),
(300000794, 'Cameron', 'Alsop'),
(300000812, 'Natalie', 'Wallace'),
(300000813, 'Diane', 'Piper'),
(300000814, 'James', 'Newman'),
(300000815, 'Pippa', 'Robertson'),
(300000822, 'Leonard', 'Fisher'),
(300000845, 'Christopher', 'Ogden'),
(300000852, 'Kevin', 'Parsons'),
(300000857, 'Sophie', 'Ince'),
(300000888, 'Pippa', 'Gray'),
(300000905, 'Amy', 'Morgan'),
(300000913, 'Dan', 'Robertson'),
(400000002, 'Jasmine', 'Miller'),
(400000027, 'Rachel', 'McGrath'),
(400000044, 'Yvonne', 'Churchill'),
(400000048, 'Carolyn', 'Lewis'),
(400000075, 'Olivia', 'Dowd'),
(400000113, 'Tim', 'Hardacre'),
(400000114, 'Fiona', 'Mills'),
(400000115, 'Ruth', 'Oliver'),
(400000180, 'Eric', 'Bower'),
(400000272, 'Rose', 'Blake'),
(400000359, 'Gabrielle', 'MacDonald'),
(400000368, 'Olivia', 'Simpson'),
(400000376, 'Megan', 'Forsyth'),
(400000396, 'Fiona', 'Buckland'),
(400000397, 'Madeleine', 'Kerr'),
(400000398, 'Nicola', 'Ferguson'),
(400000399, 'Amy', 'Miller'),
(400000419, 'Alison', 'Kerr'),
(400000431, 'Jan', 'Avery'),
(400000432, 'Abigail', 'Poole'),
(400000433, 'Rose', 'Robertson'),
(400000434, 'Penelope', 'Paterson'),
(400000441, 'Amy', 'Murray'),
(400000442, 'Dorothy', 'Duncan'),
(400000449, 'Edward', 'Buckland'),
(400000450, 'Jake', 'Cornish'),
(400000470, 'James', 'White'),
(400000471, 'Joan', 'Blake'),
(400000472, 'Gabrielle', 'Hardacre'),
(400000473, 'James', 'Kerr'),
(400000474, 'Harry', 'Peake'),
(400000488, 'Sue', 'Morrison'),
(400000497, 'Anna', 'Chapman'),
(400000513, 'Amy', 'Wilkins'),
(400000514, 'Michael', 'Henderson'),
(400000515, 'Amanda', 'Mackenzie'),
(400000516, 'Hannah', 'Oliver'),
(400000517, 'Carol', 'Rutherford'),
(400000540, 'Fiona', 'Baker'),
(400000541, 'Victoria', 'Kerr'),
(400000554, 'Carol', 'Marshall'),
(400000555, 'Zoe', 'Murray'),
(400000556, 'Irene', 'Oliver'),
(400000557, 'Lisa', 'Buckland'),
(400000600, 'Nicola', 'Graham'),
(400000601, 'Blake', 'Anderson'),
(400000602, 'Molly', 'Hart'),
(400000625, 'Eric', 'Oliver'),
(400000638, 'Irene', 'Gill'),
(400000639, 'Peter', 'Miller'),
(400000653, 'Sam', 'Campbell'),
(400000654, 'Simon', 'Lawrence'),
(400000676, 'Andrea', 'Nolan'),
(400000690, 'Bernadette', 'Duncan'),
(400000691, 'Jacob', 'Clarkson'),
(400000692, 'Hannah', 'Hudson'),
(400000706, 'Samantha', 'Mills'),
(400000720, 'William', 'Grant'),
(400000721, 'James', 'Dowd'),
(400000737, 'Katherine', 'Clark'),
(400000738, 'Natalie', 'Tucker'),
(400000739, 'Yvonne', 'Bower'),
(400000740, 'Michael', 'Hamilton'),
(400000741, 'Fiona', 'Rees'),
(400000754, 'Emily', 'Clarkson'),
(400000755, 'Angela', 'Oliver'),
(400000756, 'Joanne', 'May'),
(400000757, 'Joanne', 'King'),
(400000758, 'Julia', 'McDonald'),
(400000759, 'Neil', 'James'),
(400000769, 'Jason', 'Walker'),
(400000770, 'Bella', 'Vaughan'),
(400000780, 'Victor', 'Quinn'),
(400000795, 'Amanda', 'King'),
(400000829, 'Lillian', 'Hemmings'),
(400000830, 'Trevor', 'Mitchell'),
(400000837, 'Sean', 'Rampling'),
(400000914, 'Anna', 'Randall'),
(400000915, 'Melanie', 'Hemmings'),
(400000916, 'Matt', 'Grant');

-- --------------------------------------------------------

--
-- Struktur dari tabel `item`
--

CREATE TABLE `item` (
  `ItemID` double NOT NULL,
  `Description` text DEFAULT NULL,
  `Retail_Price` int(11) DEFAULT NULL,
  `Loyalty_Discount` int(11) DEFAULT NULL
) ENGINE=InnoDB DEFAULT CHARSET=utf8mb4;

--
-- Dumping data untuk tabel `item`
--

INSERT INTO `item` (`ItemID`, `Description`, `Retail_Price`, `Loyalty_Discount`) VALUES
(1039854547, 'Coat', 13583, 1),
(1082405301, 'Blazer', 11976, 4),
(1160651321, 'Coat', 939, 8),
(1284609276, 'Sweater', 9576, 2),
(1303837083, 'Suit', 194, 1),
(1319286996, 'Gowns/Pajamas', 4743, 2),
(1336619171, 'Slacks', 6384, 1),
(1489444777, 'Short Gown', 13112, 3),
(1625450539, 'Dress', 5489, 0),
(1737807900, 'Tie', 6864, 3),
(1893735141, 'Socks', 1155, 1),
(1940915493, 'Long Gown', 6877, 8),
(1988250904, 'Coat', 7416, 1),
(2020397001, 'Men\'s Pajama Set', 231, 0),
(2113413915, 'Shorts', 5933, 3),
(2153011099, 'Gown & Robe Set', 998, 3),
(2178891798, 'Hand Towel', 1817, 5),
(2210750188, 'Blazer', 11976, 1),
(2240469836, 'Slippers', 3582, 9),
(2248992375, 'Sweater', 6138, 4),
(2355020550, 'Sweater', 6792, 3),
(2363094138, 'Short Overalls', 7182, 7),
(2430071492, 'Dust Ruffle', 4186, 2),
(2491559336, 'Jeans', 10479, 5),
(2524845521, 'Gown & Robe Set', 1056, 1),
(2557931901, 'Short Gown', 4776, 2),
(2588421965, 'Commode Cover', 1584, 8),
(2695940506, 'Sweater', 594, 2),
(2782517448, 'Belt', 4577, 4),
(2876522496, 'Jacket', 998, 1),
(2926937052, 'Washcloth', 1078, 3),
(2963300774, 'Sweatshirt', 7581, 3),
(3123824581, 'Sweatpants', 4389, 4),
(3126356136, 'Formal Dress', 999, 9),
(3132788435, 'Coat', 3006, 8),
(3135576553, 'Underwear', 588, 8),
(3256419181, 'Short Slip', 102, 9),
(3305177499, 'Coveralls (long sleeve)', 9588, 8),
(3382973348, 'Top', 8176, 4),
(3390230025, 'Top', 3348, 2),
(3405268556, 'Handbag', 11477, 4),
(3452086694, 'Bra', 3887, 0),
(3495221948, 'Suit & 2 pc Dress', 3812, 7),
(3750666773, 'Waterbed Sheet', 798, 2),
(3795753080, 'Jeans', 381, 9),
(3819369487, 'Dish Towel', 784, 8),
(3890778939, 'Suit & 2 pc Dress', 12516, 8),
(3962085980, 'Sleeper', 6138, 5),
(4291344502, 'Long Overalls', 5562, 0),
(4327321762, 'Dress', 6975, 3),
(4391642886, 'Men\'s Pajama Set', 8379, 4),
(4398051135, 'Bra', 6, 3),
(4538875409, 'Couch Cover', 798, 9),
(4574639519, 'Jeans', 145, 1),
(4584868492, 'T-shirt', 6138, 9),
(4619440506, 'Shorts', 6975, 6),
(4622769035, 'Short Gown', 78, 9),
(4681342313, 'Sheets', 299, 1),
(4924918902, 'T-shirt', 6279, 9),
(4934584980, 'Nylon Pants', 5586, 1),
(5050067655, 'Bottoms', 6696, 0),
(5127562193, 'Robe', 9576, 2),
(5145202479, 'Crib Sheet', 99, 5),
(5153370805, 'Shorts', 4396, 4),
(5187373849, 'Short Slip', 1287, 1),
(5187883584, 'Dish Towel', 495, 3),
(5310615417, 'Tie', 4179, 3),
(5480721202, 'Shirt', 6783, 8),
(5509524170, 'Couch Cover', 8668, 2),
(5608950888, 'Suit & 2 pc Dress', 11235, 1),
(5736433915, 'Mattress Cover', 6578, 1),
(5857761910, 'Gowns/Pajamas', 2814, 8),
(5997626126, 'Coat/Jacket', 3955, 2),
(6182400847, 'Blazer', 2688, 3),
(6182617964, 'Long Gown', 9711, 1),
(6228611532, 'Valance', 4776, 2),
(6265788387, 'Commode Cover', 581, 1),
(6388591017, 'Baby Quilt', 10068, 1),
(6511971572, 'Sleeping Bag', 4788, 6),
(6548962456, 'Dust Ruffle', 6579, 9),
(6648383061, 'Long Slip', 2786, 2),
(6660530324, 'Washcloth', 3514, 1),
(6661671897, 'Swimwear', 5083, 9),
(6697166886, 'Coat', 1598, 7),
(6719567315, 'Blouse', 4788, 2),
(6917448328, 'Socks', 882, 2),
(6962492078, 'Bath Mat', 3731, 3),
(6988128169, 'Handbag', 2544, 4),
(6991736764, 'Pillow Sham', 198, 7),
(7010679527, 'Blanket', 6384, 8),
(7270957383, 'Scarf', 2985, 1),
(7425260271, 'Mattress Cover', 3544, 2),
(7463357829, 'Infant 2 Piece Set', 498, 4),
(7502168586, 'Baby Quilt', 3806, 3),
(7645689457, 'Apron', 948, 4),
(7645888340, 'Bath Mat', 56, 4),
(7690258628, 'Baby Blanket', 2193, 1),
(7833392032, 'Skirt', 5586, 4),
(7841340144, 'Shirt', 294, 0),
(8058527540, 'Jeans', 3591, 5),
(8068199275, 'Slacks', 8778, 3),
(8143229140, 'Shower Shoes', 2786, 6),
(8213207925, 'Underwear & Boxers', 2376, 2),
(8241463559, 'Wallet', 4975, 1),
(8262662751, 'Suit', 10989, 8),
(8269421724, 'Long Overalls', 12475, 1),
(8438262686, 'Robe', 2988, 8),
(8586814459, 'Gown & Robe Set', 6564, 3),
(8619953091, 'Pillowcase', 1896, 2),
(8624682735, 'Coat', 7777, 1),
(8675740287, 'Baby Quilt', 4776, 9),
(8694351166, 'Chair Cover', 3887, 2),
(8713824671, 'Infant 2 Piece Set', 486, 2),
(8864799421, 'Valance', 318, 2),
(8948840620, 'Gloves', 198, 1),
(9166887914, 'Sweater', 9576, 6),
(9195451761, 'Hand Towel', 5166, 1),
(9223468295, 'Bath Mat', 2388, 9),
(9280265561, 'Coat/Jacket', 5985, 0),
(9313710898, 'Dish Towel', 3223, 2),
(9538578209, 'Dress', 8736, 6),
(9730446421, 'Blazer', 1033, 0),
(9862518267, 'Socks', 1084, 2),
(9870137717, 'Crib Sheet', 539, 7),
(9873264896, 'Hat', 1089, 7),
(9916068026, 'Gowns/Pajamas', 11814, 0);

-- --------------------------------------------------------

--
-- Struktur dari tabel `transaction`
--

CREATE TABLE `transaction` (
  `TransactionID` int(11) NOT NULL,
  `Timestamp` text DEFAULT NULL,
  `Shipping_State` text DEFAULT NULL,
  `CustomerID` int(11) DEFAULT NULL,
  `ItemID` double DEFAULT NULL
) ENGINE=InnoDB DEFAULT CHARSET=utf8mb4;

--
-- Dumping data untuk tabel `transaction`
--

INSERT INTO `transaction` (`TransactionID`, `Timestamp`, `Shipping_State`, `CustomerID`, `ItemID`) VALUES
(112678, '13/12/2016 05.21', 'Missouri', 100000927, 6388591017),
(112692, '13/12/2016 05.35', 'Arkansas', 200000024, 8438262686),
(112762, '13/12/2016 07.38', 'California', 300000074, 2240469836),
(112775, '13/12/2016 07.52', 'West Virginia', 100000219, 7645888340),
(112791, '13/12/2016 08.07', 'New Mexico', 100000656, 6962492078),
(112843, '13/12/2016 09.22', 'Idaho', 100000308, 2491559336),
(112899, '13/12/2016 10.35', 'Maine', 100000205, 2248992375),
(112911, '13/12/2016 10.49', 'Arizona', 200000608, 1625450539),
(112924, '13/12/2016 11.06', 'Florida', 200000389, 9280265561),
(112943, '13/12/2016 11.30', 'Arizona', 200000076, 4574639519),
(112944, '13/12/2016 11.30', 'North Dakota', 200000700, 6265788387),
(112950, '13/12/2016 11.40', 'Oklahoma', 200000763, 5857761910),
(112967, '13/12/2016 12.02', 'Maine', 200000384, 3452086694),
(112972, '13/12/2016 12.06', 'Delaware', 100000316, 7463357829),
(112974, '13/12/2016 12.07', 'California', 100000178, 9166887914),
(112983, '13/12/2016 12.12', 'Michigan', 100000157, 4398051135),
(112986, '13/12/2016 12.17', 'Oklahoma', 100000873, 9916068026),
(112993, '13/12/2016 12.22', 'New York', 300000777, 5736433915),
(113000, '13/12/2016 12.30', 'South Dakota', 100000871, 8058527540),
(113005, '13/12/2016 12.34', 'Mississippi', 100000304, 3390230025),
(113006, '13/12/2016 12.36', 'South Carolina', 200000301, 2926937052),
(113017, '13/12/2016 12.58', 'North Dakota', 100000203, 2963300774),
(113021, '13/12/2016 13.03', 'Nebraska', 300000913, 5608950888),
(113023, '13/12/2016 13.03', 'Rhode Island', 200000716, 9223468295),
(113030, '13/12/2016 13.09', 'New Hampshire', 100000445, 6719567315),
(113039, '13/12/2016 13.20', 'Pennsylvani', 100000881, 3495221948),
(113042, '13/12/2016 13.23', 'Pennsylvani', 200000682, 9870137717),
(113046, '13/12/2016 13.27', 'Virginia', 300000357, 1319286996),
(113049, '13/12/2016 13.30', 'Pennsylvani', 300000704, 1082405301),
(113050, '13/12/2016 13.35', 'Minnesota', 200000186, 5187883584),
(113051, '13/12/2016 13.36', 'Colorado', 200000508, 3819369487),
(113059, '13/12/2016 13.51', 'New Jersey', 100000400, 8694351166),
(113060, '13/12/2016 13.51', 'Wisconsin', 100000640, 8624682735),
(113063, '13/12/2016 13.55', 'Alaska', 200000749, 8713824671),
(113067, '13/12/2016 14.04', 'Indiana', 100000041, 3962085980),
(113077, '13/12/2016 14.14', 'Vermont', 200000588, 4538875409),
(113088, '13/12/2016 14.31', 'Alaska', 200000610, 3132788435),
(113089, '13/12/2016 14.34', 'North Carolina', 100000677, 3405268556),
(113096, '13/12/2016 14.40', 'North Carolina', 200000100, 7690258628),
(113103, '13/12/2016 14.56', 'Kentucky', 100000746, 2153011099),
(113109, '13/12/2016 15.05', 'Maine', 100000839, 6182617964),
(113110, '13/12/2016 15.05', 'Iowa', 100000378, 4619440506),
(113113, '13/12/2016 15.07', 'Arkansas', 300000731, 4391642886),
(113121, '13/12/2016 15.21', 'Kansas', 100000255, 9195451761),
(113122, '13/12/2016 15.22', 'Washington', 100000709, 5127562193),
(113123, '13/12/2016 15.23', 'Rhode Island', 200000043, 6917448328),
(113125, '13/12/2016 15.27', 'Indiana', 100000247, 4584868492),
(113127, '13/12/2016 15.28', 'Connecticut', 200000607, 8864799421),
(113128, '13/12/2016 15.28', 'Washington', 100000030, 4622769035),
(113132, '13/12/2016 15.32', 'Mississippi', 100000294, 1039854547),
(113134, '13/12/2016 15.34', 'Colorado', 200000940, 6660530324),
(113136, '13/12/2016 15.35', 'West Virginia', 100000574, 2557931901),
(113138, '13/12/2016 15.39', 'Alabama', 100000091, 8948840620),
(113139, '13/12/2016 15.41', 'Georgia', 200000102, 8262662751),
(113141, '13/12/2016 15.45', 'New York', 200000363, 2782517448),
(113142, '13/12/2016 15.45', 'Delaware', 100000443, 1489444777),
(113144, '13/12/2016 15.48', 'New Jersey', 400000914, 5145202479),
(113148, '13/12/2016 15.50', 'Mississippi', 400000515, 1303837083),
(113158, '13/12/2016 16.01', 'Delaware', 400000472, 1336619171),
(113161, '13/12/2016 16.09', 'Arizona', 300000597, 1988250904),
(113165, '13/12/2016 16.13', 'Rhode Island', 100000936, 8213207925),
(113167, '13/12/2016 16.16', 'Connecticut', 100000546, 7425260271),
(113168, '13/12/2016 16.18', 'North Carolina', 100000451, 7502168586),
(113170, '13/12/2016 16.21', 'Kansas', 200000071, 6648383061),
(113172, '13/12/2016 16.22', 'Wisconsin', 200000523, 4291344502),
(113173, '13/12/2016 16.22', 'Maine', 100000285, 5480721202),
(113175, '13/12/2016 16.23', 'Maryland', 100000136, 8586814459),
(113176, '13/12/2016 16.24', 'Utah', 400000653, 4934584980),
(113177, '13/12/2016 16.26', 'Texas', 100000724, 3382973348),
(113179, '13/12/2016 16.33', 'Oklahoma', 100000412, 2876522496),
(113183, '13/12/2016 16.39', 'Kentucky', 100000854, 9313710898),
(113184, '13/12/2016 16.40', 'Hawaii', 300000814, 8269421724),
(113185, '13/12/2016 16.42', 'Missouri', 100000181, 7833392032),
(113188, '13/12/2016 16.49', 'Maryland', 400000398, 7645689457),
(113189, '13/12/2016 16.50', 'Louisiana', 200000646, 3750666773),
(113192, '13/12/2016 16.52', 'Kentucky', 100000169, 6548962456),
(113193, '13/12/2016 16.52', 'Indiana', 300000495, 3135576553),
(113194, '13/12/2016 16.53', 'Ohio', 100000144, 5997626126),
(113197, '13/12/2016 16.58', 'New Hampshire', 400000916, 9862518267),
(113198, '13/12/2016 16.59', 'Colorado', 200000387, 2113413915),
(113200, '13/12/2016 17.03', 'North Dakota', 100000564, 8143229140),
(113201, '13/12/2016 17.04', 'New Mexico', 100000341, 6511971572),
(113203, '13/12/2016 17.08', 'Missouri', 100000236, 1284609276),
(113205, '13/12/2016 17.09', 'Mississippi', 400000396, 1160651321),
(113206, '13/12/2016 17.10', 'Mississippi', 200000582, 3256419181),
(113210, '13/12/2016 17.17', 'Illinoi', 100000542, 6661671897),
(113211, '13/12/2016 17.17', 'Minnesota', 100000760, 8675740287),
(113212, '13/12/2016 17.18', 'South Dakota', 100000344, 6182400847),
(113213, '13/12/2016 17.19', 'Massachusetts', 100000824, 6991736764),
(113214, '13/12/2016 17.20', 'Massachusetts', 100000173, 5310615417),
(113216, '13/12/2016 17.20', 'Vermont', 100000521, 9538578209),
(113217, '13/12/2016 17.22', 'Vermont', 400000368, 7841340144),
(113218, '13/12/2016 17.24', 'Connecticut', 200000256, 3123824581),
(113219, '13/12/2016 17.25', 'Arizona', 100000567, 5050067655),
(113222, '13/12/2016 17.27', 'Georgia', 300000614, 2524845521),
(113223, '13/12/2016 17.28', 'Kentucky', 400000557, 5509524170),
(113224, '13/12/2016 17.29', 'South Dakota', 100000251, 2210750188),
(113225, '13/12/2016 17.33', 'Missouri', 100000923, 3795753080),
(113226, '13/12/2016 17.33', 'New York', 300000023, 2178891798),
(113227, '13/12/2016 17.33', 'North Carolina', 100000158, 3126356136),
(113228, '13/12/2016 17.34', 'Mississippi', 300000852, 4327321762),
(113229, '13/12/2016 17.35', 'Wyomin', 100000569, 9730446421),
(113230, '13/12/2016 17.36', 'Delaware', 100000013, 2588421965),
(113231, '13/12/2016 17.38', 'Florida', 100000878, 8068199275),
(113233, '13/12/2016 17.40', 'Vermont', 400000359, 9873264896),
(113234, '13/12/2016 17.40', 'Montan', 100000898, 2695940506),
(113235, '13/12/2016 17.42', 'North Dakota', 100000880, 1737807900),
(113236, '13/12/2016 17.42', 'Washington', 100000051, 5153370805),
(113237, '13/12/2016 17.42', 'Wyomin', 100000618, 3890778939),
(113238, '13/12/2016 17.42', 'Massachusetts', 300000815, 2355020550),
(113239, '13/12/2016 17.42', 'Maine', 300000822, 2363094138),
(113240, '13/12/2016 17.43', 'North Carolina', 100000252, 4924918902),
(113241, '13/12/2016 17.45', 'Arizona', 300000015, 3305177499),
(113242, '13/12/2016 17.46', 'Texas', 200000821, 1940915493),
(113243, '13/12/2016 17.48', 'Minnesota', 100000081, 6228611532),
(113244, '13/12/2016 17.48', 'Arizona', 200000482, 7270957383),
(113245, '13/12/2016 17.51', 'Arizona', 200000459, 6988128169),
(113246, '13/12/2016 17.55', 'Minnesota', 400000513, 2430071492),
(113247, '13/12/2016 17.57', 'Minnesota', 100000061, 8241463559),
(113248, '13/12/2016 17.58', 'Alabama', 400000706, 1893735141),
(113249, '13/12/2016 17.59', 'Utah', 300000467, 7010679527),
(113250, '13/12/2016 17.59', 'North Carolina', 200000701, 5187373849),
(113252, '13/12/2016 18.01', 'Alabama', 100000007, 6697166886),
(113253, '13/12/2016 18.03', 'Louisiana', 200000662, 4681342313),
(113254, '13/12/2016 18.05', 'Louisiana', 200000661, 2020397001),
(113255, '13/12/2016 18.05', 'Delaware', 200000663, 8619953091);

--
-- Indexes for dumped tables
--

--
-- Indeks untuk tabel `costumer`
--
ALTER TABLE `costumer`
  ADD PRIMARY KEY (`CustomerID`);

--
-- Indeks untuk tabel `item`
--
ALTER TABLE `item`
  ADD PRIMARY KEY (`ItemID`);

--
-- Indeks untuk tabel `transaction`
--
ALTER TABLE `transaction`
  ADD PRIMARY KEY (`TransactionID`),
  ADD UNIQUE KEY `transaction_CustomerID_uindex` (`CustomerID`),
  ADD UNIQUE KEY `transaction_ItemID_uindex` (`ItemID`);

--
-- Ketidakleluasaan untuk tabel pelimpahan (Dumped Tables)
--

--
-- Ketidakleluasaan untuk tabel `transaction`
--
ALTER TABLE `transaction`
  ADD CONSTRAINT `transaction_ibfk_1` FOREIGN KEY (`CustomerID`) REFERENCES `costumer` (`CustomerID`),
  ADD CONSTRAINT `transaction_ibfk_2` FOREIGN KEY (`ItemID`) REFERENCES `item` (`ItemID`);
COMMIT;

/*!40101 SET CHARACTER_SET_CLIENT=@OLD_CHARACTER_SET_CLIENT */;
/*!40101 SET CHARACTER_SET_RESULTS=@OLD_CHARACTER_SET_RESULTS */;
/*!40101 SET COLLATION_CONNECTION=@OLD_COLLATION_CONNECTION */;
